x,y-3,y-2,y-1,y0,y1,y2,y3
0.0,0.03830412803519013,0.04213896023984907,0.04606018590513428,0.0500587158644907,0.054126154325107735,0.05825474403263988,0.06243731615949698
0.0031478884304506943,0.03830361741565322,0.042138409582990095,0.04605959565319781,0.050058086548802505,0.05412548655088255,0.058254038465842796,0.06243657351548033
0.006295776860901389,0.03830208555198152,0.042136757606954525,0.04605782489151896,0.05005619859544379,0.05412348322147434,0.05825192175826627,0.06243434557577898
0.009443665291352083,0.03829953242899486,0.04213400429536904,0.04605487360249182,0.050053051985535106,0.05412014431668829,0.05824839388835828,0.062430632317442024
0.012591553721802777,0.03829595802140219,0.042130149620954654,0.046050741756783316,0.05004864668762098,0.054115469802876896,0.058243454820209276,0.06242543370222856
0.015739442152253473,0.038291362293815544,0.04212519354554095,0.04604542931334811,0.05004298265768527,0.054109459632955534,0.05823710450356831,0.06241874967662422
0.018887330582704167,0.03828574520076948,0.042119136020086385,0.046038936219449406,0.050036059839172524,0.05410211374642455,0.0582293428738655,0.0624105801718638
0.02203521901315486,0.03827910668674623,0.042111976984704216,0.04603126241068586,0.05002787816301572,0.05409343206939757,0.0582201698522405,0.06240092510396044
0.025183107443605555,0.03827144668620621,0.04210371636869457,0.0460224078110245,0.05001843754767019,0.054083414514635934,0.05820958534557821,0.062389784373741326
0.02833099587405625,0.038262765123624524,0.042094354090581945,0.04601237233283971,0.05000773789915325,0.054072060981589655,0.0581975892465501,0.06237715786689035
0.031478884304506946,0.0382530619135326,0.04208389005815883,0.046001155876958036,0.04999577911109089,0.05405937135644477,0.05818418143366258,0.062363045453996555
0.034626772734957637,0.038242336960565795,0.04207232416853491,0.04598875833270927,0.04998256106476951,0.05404534551217681,0.05816936177131137,0.06234744699060972
0.037774661165408334,0.03823059015951672,0.04205965630819252,0.04597517957798348,0.049968083629195297,0.054029983308610835,0.05815313010984281,0.062330362317302546
0.040922549595859024,0.03821782139539391,0.042045886353047644,0.045960419479294176,0.0499523466611584,0.05401328459248772,0.058135486285621193,0.062311791259739055
0.04407043802630972,0.03820403054348644,0.04203101416851708,0.04594447789184744,0.04993535000530468,0.053995249197537086,0.058116430121103416,0.06229173362875008
0.04721832645676041,0.038189217469434274,0.0420150396095911,0.04592735465961746,0.0499170934942127,0.0539758769445563,0.05809596142491912,0.062270189220414864
0.05036621488721111,0.038173382029304245,0.04199796252091311,0.04590904961542812,0.049897576948477865,0.05395516764149665,0.05807407999195855,0.06224715781615022
0.05351410331766181,0.038156524069671946,0.04197978273686403,0.04588956258104061,0.04987680017680251,0.053933121083554955,0.05805078560346608,0.06222263918280559
0.0566619917481125,0.03813864342770941,0.041960500081653626,0.045868893367247636,0.049854762976092405,0.05390973705327304,0.058026078027141305,0.0621966330727652
0.059809880178563195,0.03811973993127842,0.041940114369417504,0.04584704177397363,0.049831465131559914,0.053885015320642625,0.05799995701724597,0.06216913922405721
0.06295776860901389,0.03809981339903036,0.04191862540432049,0.045824007590381285,0.049806906416833524,0.05385895564321756,0.057972422314718566,0.06214015736046945
0.06610565703946458,0.03807886364051115,0.04189603298066616,0.045799790594984686,0.04978108659407399,0.053831557766232635,0.05794347364729471,0.062109687191672175
0.06925354546991527,0.03805689045627289,0.0418723368830121,0.04577439055576869,0.04975400541409663,0.053802821422728714,0.05791311072963548,0.062077728413347834
0.07240143390036596,0.03803389363799112,0.04184753688629203,0.04574780723031461,0.04972566261650106,0.05377274633368524,0.057881333263461524,0.06204428070732746
0.07554932233081667,0.038009872968588224,0.041821632755944124,0.04572004036593264,0.04969605792980677,0.0537413322081591,0.0578481409376952,0.06200934374173477
0.07869721076126736,0.03798482822236311,0.041794624248045184,0.04569108969980087,0.04966519107159604,0.0537085787434306,0.057813533428608746,0.06197291717113678
0.08184509919171805,0.037958759165127004,0.041766511109451995,0.04566095495911064,0.0496330617486634,0.053674485625156185,0.05777751039998026,0.06193500063670184
0.08499298762216875,0.03793166555434535,0.04173729307794845,0.04562963586121877,0.0495996696571717,0.05363905252752855,0.057740071503256336,0.061895593766364866
0.08814087605261944,0.037903547139286224,0.04170696988239974,0.045597132113806664,0.04956501448281563,0.05360227911344317,0.0577012163777221,0.061854696174999745
0.09128876448307013,0.037874403661174935,0.04167554124291269,0.04556344341504564,0.04952909590099185,0.05356416503467261,0.05766094465067845,0.06181230746459939
0.09443665291352082,0.03784423485335519,0.041643006871003224,0.04552856945376993,0.049491913576975945,0.0535247099320477,0.05761925593762653,0.06176842722446278
0.09758454134397153,0.03781304044145662,0.04160936646977016,0.04549250990965592,0.049453467166107275,0.053483913435645895,0.05757614984245977,0.06172305503138994
0.10073242977442222,0.037780820143568886,0.04157461973407576,0.045455264453408875,0.0494137563139801,0.05344177516498714,0.05753162595766331,0.06167619044988412
0.10388031820487291,0.03774757367042243,0.0415387663507337,0.04541683274695631,0.049372780656642586,0.05339829472923716,0.057485683864520666,0.061627833032361905
0.10702820663532361,0.03771330072557622,0.04150180599870343,0.04537721444364889,0.04933053982080272,0.053353471727418014,0.057438323133328625,0.06157798231937067
0.1101760950657743,0.0376780010056117,0.04146373834929176,0.04533640918846848,0.04928703342404221,0.053307305748626806,0.05738954332361954,0.061526637839814484
0.113323983496225,0.03764167420033403,0.04142456306636154,0.04529441661824325,0.04924226107503722,0.05325979637226102,0.0573393439843909,0.061473799111187194
0.11647187192667569,0.03760431999298009,0.0413842798065475,0.04525123636187065,0.049196222373787075,0.053210943168252665,0.05728772465434388,0.061419465639813896
0.11961976035712639,0.037565938060433804,0.04134288821947959,0.0452068680405474,0.04914891691185078,0.05316074569730971,0.0572346848621288,0.061363636921100584
0.12276764878757708,0.037526528073448015,0.04130038794801328,0.04516131126800741,0.049100344272590905,0.05310920351116549,0.057180224126599295,0.06130631243979149
0.12591553721802778,0.03748608969687434,0.04125677862846754,0.0451145656507673,0.049050504031425655,0.05305631615283631,0.05712434195707448,0.06124749167023526
0.12906342564847847,0.03744462258989944,0.04121205989087071,0.04506663078837943,0.04899939575608872,0.05300208315688697,0.057067037853609115,0.06118717407665915
0.13221131407892917,0.037402126406289635,0.041166231359213296,0.04501750627369339,0.048947019006897456,0.052946504049704676,0.057008311307272845,0.06112535911345169
0.13535920250937986,0.03735860079464223,0.04111929265170926,0.044967191693124936,0.04889337333702899,0.05288957834978142,0.056948161800436777,0.06106204622545423
0.13850709093983055,0.03731404539864495,0.04107124338106466,0.04491568662693318,0.048838458292804594,0.05283130556800427,0.056886588807069906,0.06099723484826099
0.14165497937028124,0.03726845985734287,0.041022083154754516,0.044862990649506156,0.048782273413982793,0.052771685207955055,0.05682359179304337,0.060930924408527536
0.14480286780073193,0.03722184380541307,0.040971811575307764,0.0448091033296544,0.04872481823406045,0.05271071676621774,0.05675917021644376,0.06086311432428913
0.14795075623118265,0.03717419687344777,0.04092042824060049,0.04475402423091336,0.04866609228058322,0.05264839973269573,0.056693323527895675,0.06079380400528725
0.15109864466163334,0.037125518688244666,0.04086793274415692,0.04469775291185382,0.04860609507546387,0.052584733590937016,0.056626051170892776,0.06072299285330555
0.15424653309208403,0.03707580887310641,0.04081432467545992,0.04464028892640179,0.048544826135310276,0.05251971781846909,0.056557352582138475,0.06065068026251556
0.15739442152253472,0.037025067048147314,0.04075960362026889,0.044581631824166155,0.048482284971762005,0.052453351887142875,0.056487227191895854,0.06057686561983098
0.1605423099529854,0.036973292830609523,0.0407037691609473,0.04452178115077634,0.04841847109183609,0.052385635263485615,0.05641567442434696,0.06050154830527244
0.1636901983834361,0.036920485835187124,0.04064682087679845,0.04446073644822829,0.04835338399828212,0.05231656740906387,0.056342693697961674,0.060424727692341265
0.1668380868138868,0.03686664567435899,0.04058875834441058,0.04439849725523999,0.0482870231899469,0.05224614778085544,0.05626828442587639,0.0603464031484034
0.1699859752443375,0.03681177195873063,0.04052958113801075,0.044335063107616285,0.04821938816214831,0.052174375831631606,0.05619244601628264,0.060266574035083585
0.1731338636747882,0.03675586429738507,0.04046928882982845,0.04427043353862313,0.048150478407059286,0.05210125101034871,0.05611517787282569,0.060185239708669035
0.1762817521052389,0.03669892229824241,0.04040788099046794,0.0442046080793716,0.04808029341410142,0.052026772762550286,0.0560364793950131,0.060102399520524215
0.17942964053568958,0.03664094556842923,0.040345357189290804,0.044137586259211666,0.048008832670348556,0.05195094053077905,0.05595634997863414,0.06001805281751525
0.18257752896614027,0.0365819337146569,0.0402817169948078,0.0440693676061358,0.04793609566094062,0.051873753754999266,0.05587478901618925,0.0599321989424457
0.18572541739659096,0.03652188634360972,0.040216959975080714,0.04399995164719297,0.047862081869508105,0.05179521187302985,0.05579179589733027,0.05984483723450269
0.18887330582704165,0.03646080306234279,0.04015108569813416,0.043929337908912486,0.04778679077860623,0.05171531432098802,0.055707370009311745,0.05975596702971413
0.19202119425749237,0.036398683478689714,0.04008409373237771,0.04385752591773882,0.04771022187016069,0.05163406053374376,0.05562151073745299,0.059665587661416976
0.19516908268794306,0.03633552720168016,0.040015983647038275,0.0437845152004767,0.04763237462592365,0.05155144994538525,0.0555342174656113,0.05957369846073713
0.19831697111839375,0.03627133384196813,0.03994675501260291,0.04371030528474715,0.04755324852794128,0.05146748198969588,0.055445489576666965,0.05948029875708032
0.20146485954884444,0.036206103012270216,0.03987640740127276,0.043634895699454376,0.04747284305903176,0.05138215610064238,0.05535532645301929,0.05938538787863511
0.20461274797929513,0.03613983432781453,0.039804940387427365,0.04355828597526385,0.04739115770327545,0.05129547171287436,0.0552637274770947,0.059288965152887674
0.20776063640974582,0.03607252740680045,0.039732353548100376,0.043480475645092095,0.047308191946516226,0.0512074282622362,0.055170692031866725,0.05919102990714844
0.2109085248401965,0.03600418187086945,0.039658646463466576,0.043401464244607446,0.047223945276874686,0.051118025186290286,0.05507621950138819,0.05909158146909119
0.21405641327064723,0.03593479734558676,0.039583818717340014,0.04332125131274304,0.04713841718527345,0.051027261924852844,0.05498030927133536,0.05899061916730468
0.21720430170109792,0.03586437346093469,0.03950786989768448,0.04323983639222146,0.0470516071659744,0.05093513792054227,0.054882960729565465,0.05888814233185701
0.2203521901315486,0.03579290985181732,0.039430799597135004,0.043157219030091766,0.04696351471712868,0.05084165261933949,0.054784173266686026,0.05878415029487224
0.2235000785619993,0.03572040615857701,0.03935260741353231,0.043073398778278885,0.04687413934133901,0.050746805471161775,0.054683946276638085,0.058678642391121395
0.22664796699245,0.035646862027522916,0.03927329295046882,0.042988375194145265,0.04678348054623513,0.050650595930449335,0.05458227915729175,0.05857161795862547
0.22979585542290068,0.0355722771114716,0.03919285581784792,0.04290214784106585,0.046691537845061984,0.05055302345676507,0.05447917131105605,0.058463076339272904
0.23294374385335137,0.03549665107030011,0.03911129563245508,0.04281471628901571,0.046598310757281464,0.05045408751540809,0.05437462214550176,0.05835301687945055
0.2360916322838021,0.03541998357151153,0.03902861201854293,0.042726080115171136,0.046503798809187466,0.050353787578040723,0.054268631073998555,0.05824143893068852
0.23923952071425278,0.03534227429081395,0.03894480460842896,0.042636238904524476,0.046408001534535157,0.0502521231233298,0.054161197516366465,0.05812834185032013
0.24238740914470347,0.035263522912711565,0.03885987304310666,0.04254519225051195,0.04631091847518366,0.05014909363760181,0.05405232089954094,0.05801372500215481
0.24553529757515416,0.035183729131110314,0.03877381697287074,0.042452939755656734,0.04621254918175345,0.050044698615513035,0.05394200065825363,0.05789758775716784
0.24868318600560485,0.035102892649935886,0.03868663605795597,0.0423594810322248,0.04611289321429817,0.04993893756073379,0.05383023623572745,0.05777992949420349
0.25183107443605557,0.03502101318376657,0.03859832996919035,0.04226481570289671,0.04601195014299114,0.049831809986648365,0.05371702708438675,0.05766074960069412
0.25497896286650623,0.03493809045847969,0.03850889838866276,0.04216894340145332,0.04590971954882713,0.04972331541706985,0.053602372666583596,0.05754004747339536
0.25812685129695695,0.03485412421191254,0.03841834101040554,0.04207186377347685,0.045806201024339153,0.049613453386970346,0.053486272455338955,0.05741782251913618
0.2612747397274076,0.0347691141945379,0.038326657541091665,0.04197357647706723,0.0457013941743314,0.04950222344322762,0.053368725935100655,0.05729407415558588
0.26442262815785833,0.03468306017015463,0.038233847700747566,0.04187408118357408,0.04559529861662733,0.04938962514538736,0.05324973260251717,0.05716880181203736
0.267570516588309,0.034595961916593275,0.03813991122348156,0.04177337757834488,0.04548791398283497,0.049275658066442206,0.05312929196722838,0.05704200493020704
0.2707184050187597,0.034507819226437315,0.03804484785822781,0.0416714653614888,0.045379239919127554,0.04916032179362709,0.05300740355267275,0.05691368296505186
0.27386629344921043,0.034418631907760046,0.037948657369507026,0.04156834424865756,0.045269276087041815,0.049043615929232086,0.05288406689691227,0.056783835385603804
0.2770141818796611,0.034328399784877756,0.037851339538203126,0.041464013971842954,0.04515802216429329,0.048925540091432476,0.052759281553474785,0.0566524616758221
0.2801620703101118,0.03423712269911893,0.03775289416235683,0.04135847428019131,0.045045477845608535,0.04880609391513612,0.052633047092213836,0.05651956133546292
0.2833099587405625,0.03414480050961084,0.03765332105797684,0.041251724940835885,0.04493164284357584,0.048685277052849536,0.05250536310018727,0.05638513388096844
0.2864578471710132,0.034051433094082234,0.037552620059867654,0.0411437657397466,0.04481651688951332,0.048563089175561534,0.0523762291825539,0.0562491788463736
0.28960573560146385,0.03395702034968413,0.037450791022475775,0.04103459648259811,0.04470009973435608,0.048439529973646096,0.052245644963489414,0.056111695784232404
0.29275362403191457,0.033861562193828236,0.037347833820753996,0.04092421699565635,0.04458239114956166,0.04831459915778406,0.05211361008712101,0.05597268426656348
0.2959015124623653,0.03376505856504299,0.0372437483510439,0.04081262712668408,0.044463390928035015,0.048188296459904356,0.05198012421848236,0.05583214388581537
0.29904940089281595,0.033667509423848135,0.037138534531977116,0.04069982674586525,0.044343098885072686,0.04806062163414455,0.0518451870444878,0.05569007425585207
0.30219728932326667,0.033568914753648475,0.037032192305396325,0.040585815746749104,0.04422151485932678,0.047931574457832145,0.051708798274927185,0.055546475012958604
0.30534517775371733,0.03346927456164627,0.03692472163729519,0.04047059404721447,0.044098638713789884,0.04780115473248582,0.05157095764348142,0.05540134581686813
0.30849306618416805,0.03336858887977315,0.03681612251877855,0.040354161590453866,0.04397447033679953,0.04766936228483793,0.05143166490875913,0.05525468635180961
0.3116409546146187,0.03326685776564219,0.03670639496704295,0.040236518345978786,0.04384900964306461,0.04753619696787807,0.051290919855354666,0.05510649632757775
0.31478884304506943,0.03316408130351993,0.03659553902637759,0.040117664310645736,0.04372225657471266,0.04740165866191845,0.0511487222949281,0.054956775480624415
0.31793673147552015,0.03306025960531928,0.03648355476918699,0.0399975995097041,0.04359421110235941,0.0472657472756814,0.05100507206730768,0.05480552357517309
0.3210846199059708,0.03295539281161335,0.03637044229703444,0.039876323997865504,0.043464873226200046,0.04712846274740906,0.05085996904161461,0.05465274040435569
0.32423250833642153,0.032849481092670746,0.03625620174170794,0.039753837860396025,0.04333424297712367,0.04698980504599645,0.050713413117411336,0.05449842579137307
0.3273803967668722,0.032742524649513015,0.036140833266308355,0.03963014121423083,0.043202320417850666,0.046849774172147925,0.05056540422587342,0.05434257959067912
0.3305282851973229,0.03263452371499405,0.036024337066360344,0.039505234209112235,0.04306910564409343,0.04670837015955696,0.0504159423309853,0.05418520168918921
0.3336761736277736,0.03252547855490248,0.03590671337094676,0.039379117028751194,0.04293459878574155,0.046565593076110724,0.05026502743076073,0.05402629200751318
0.3368240620582243,0.03241538946908744,0.03578796244386631,0.03925178989201336,0.04279880000807121,0.046421443025119295,0.05011265955848795,0.05386585050121353
0.339971950488675,0.032304256792607525,0.03566808458481596,0.039123253054129156,0.0426617095129792,0.046275920146570004,0.04995883878400059,0.05370387716208918
0.3431198389191257,0.03219208089690469,0.03554708013059784,0.03899350680792968,0.04252332754024333,0.04612902461840742,0.049803565214974414,0.05354037201948551
0.3462677273495764,0.032078862191001874,0.03542494945635075,0.03886255148510719,0.04238365436880761,0.04598075665783993,0.049646838998250314,0.05337533514163069
0.34941561578002706,0.031964601122726595,0.03530169297680837,0.03873038745750298,0.042242690318094835,0.045831116522672674,0.04948866032118459,0.053208766636999597
0.3525635042104778,0.03184929817995954,0.035177311147582636,0.03859701513842053,0.04210043574934539,0.04568010451266776,0.049329029413026484,0.0530406666557048
0.35571139264092844,0.03173295389190969,0.03505180446647428,0.03846243498396656,0.04195689106698411,0.0455277209709324,0.04916794654632368,0.05287103539091618
0.35885928107137915,0.03161556883041607,0.0349251734748106,0.038326647494419636,0.04181205672001474,0.045373966285335326,0.04900541203835639,0.05269987308030901
0.3620071695018299,0.031497143611276444,0.034797418758810705,0.03818965321562662,0.0416659332034431,0.04521884088995176,0.0488414262526007,0.05252718000754141
0.36515505793228054,0.03137767889560394,0.03466854095097922,0.038051452740428336,0.04151852105972935,0.04506234526653835,0.04867598960022099,0.0523529565037613
0.36830294636273125,0.03125717539121212,0.03453854073152882,0.03791204671011406,0.04136982088026997,0.04490447994603752,0.048509102541593574,0.05217720294914458
0.3714508347931819,0.031135633854028722,0.03440741882983243,0.037771435815906314,0.04121983330691004,0.04474524551011264,0.04834076558785985,0.05199991977446313
0.37459872322363263,0.031013055089538805,0.03427517602590459,0.03762962080047591,0.04106855903348616,0.04458464259271456,0.04817097930251217,0.051821107462685104
0.3777466116540833,0.030889439954258077,0.03414181315191465,0.03748660245948804,0.04091599880740107,0.0444226718816793,0.04799974430301041,0.051640766550607634
0.380894500084534,0.03076478935723683,0.034007331093730206,0.03734238164318027,0.0407621534312302,0.044259334120358984,0.047827061262432545,0.05145889763052137
0.38404238851498473,0.03063910426159531,0.03387173079249299,0.037196959257972534,0.040607023764361115,0.04409463010928507,0.047652930911157104,0.05127550135190973
0.3871902769454354,0.030512385686090417,0.03373501324622665,0.03705033626811062,0.040450610724666124,0.04392856070786553,0.047477354038580846,0.05109057842318108
0.3903381653758861,0.03038463470671575,0.03359717951147838,0.03690251369734244,0.04029291529020869,0.04376112683611628,0.04730033149486971,0.0509041296134363
0.3934860538063368,0.030255852458334214,0.033458230704993576,0.03675349263062943,0.04013393850098534,0.04359232947642787,0.04712186419274625,0.050716155754271845
0.3966339422367875,0.030126040136344776,0.033318168005425614,0.03660327421589256,0.03997368146070196,0.04342216967536748,0.04694195310931195,0.05052665774161842
0.39978183066723816,0.02999519899838363,0.03317699265508041,0.036451859665793715,0.03981214533858668,0.04325064854551752,0.04676059928790699,0.05033563653761692
0.4029297190976889,0.02986333036606086,0.03303470596169696,0.036299250259553884,0.03964933137123941,0.04307776726735126,0.046577803840006725,0.05014309317253169
0.4060776075281396,0.029730435626732877,0.0328913093002644,0.03614544734480843,0.039485240864519176,0.04290352709114633,0.046393567947156766,0.04994902874670222
0.40922549595859026,0.029596516235311482,0.03274680411487648,0.03599045233949972,0.039319875195469006,0.04272792933893682,0.04620789286294647,0.04975344443253349
0.412373384389041,0.029461573716110523,0.032601191920624155,0.035834266733808906,0.03915323581428055,0.04255097540650458,0.04602077991502229,0.04955634147652672
0.41552127281949164,0.02932560966473082,0.03245447430552677,0.03567689209212677,0.03898532424629805,0.0423726667654108,0.04583223050714126,0.04935772120134974
0.41866916124994236,0.029188625749983765,0.03230665293250293,0.0355183300550646,0.038816142094063005,0.04219300496506828,0.04564224612126594,0.049157585007949874
0.421817049680393,0.029050623715855057,0.032157729541382234,0.03535858234150637,0.0386456910394003,0.04201199163485573,0.045450828319701146,0.048955934377707816
0.42496493811084374,0.028911605383508725,0.03200770595095751,0.035197650750702386,0.038473972845546246,0.04182962848627417,0.04525797874727321,0.04875277087463518
0.42811282654129446,0.02877157265333282,0.03185658406107969,0.03503553716440561,0.03830098935932004,0.04164591731514718,0.04506369913355344,0.04854809614761585
0.4312607149717451,0.028630527507027024,0.03170436585479529,0.034872243549051635,0.03812674251333866,0.04146086000386497,0.044867991295125635,0.048341911932691585
0.43440860340219584,0.02848847200973367,0.031551053400527815,0.03470777195798246,0.037951234328276996,0.04127445852367376,0.04467085713789909,0.04813422005539377
0.4375564918326465,0.028345408312212748,0.03139664885430373,0.03454212453371619,0.03777446691517345,0.041086714937011236,0.044472298659467946,0.04792502243312097
0.4407043802630972,0.028201338653061507,0.03124115446202421,0.034375303510262335,0.037596442477781794,0.0408976313998886,0.044272317951517516,0.047714321077564265
0.4438522686935479,0.02805626536098017,0.03108457256178299,0.03420731121548426,0.03741716331497105,0.04070721016432094,0.04407091720227897,0.04750211809718103
0.4470001571239986,0.02791019085708427,0.03092690558623214,0.03403815007350985,0.037236631823173404,0.040515453580805785,0.04386809869903294,0.047288415699717375
0.4501480455544493,0.027763117657264694,0.030768156064995725,0.03386782260719093,0.037054850498881825,0.04032236410085222,0.04366386483066305,0.04707321619478136
0.4532959339849,0.027615048374596485,0.030608326627133507,0.03369633144061265,0.03687182194119795,0.04012794427956004,0.043458218090260854,0.04685652199646726
0.4564438224153507,0.027465985721797065,0.03044742000365413,0.0335236793016539,0.03668754885443122,0.0399321967782508,0.043251161077782235,0.046638335626031736
0.45959171084580136,0.027315932513735576,0.030285439030080522,0.033349869024599604,0.03650203405075093,0.03973512436715227,0.0430426965027574,0.04641865971462393
0.4627395992762521,0.027164891669993464,0.03012238664906751,0.033174903552806195,0.03631528045289098,0.03953672992813577,0.042832827187054674,0.04619749700606908
0.46588748770670274,0.02701286621747828,0.0299582659130726,0.03299878594142121,0.0361272910969103,0.03933701645750932,0.042621556067699545,0.04597485035970798
0.46903537613715346,0.026859859293091162,0.02979307998708185,0.03282151936015775,0.03593806913500779,0.039135987068866146,0.04240888619975027,0.0457507227532932
0.4721832645676042,0.026705874146449236,0.029626832151391225,0.03264310709612553,0.03574761783839489,0.03893364499599089,0.04219482075923032,0.04552511728594199
0.47533115299805484,0.026550914142664372,0.029459525804444855,0.03246355255671949,0.035555940600225544,0.03872999359582356,0.041979363046119975,0.04529803718114891
0.47847904142850556,0.02639498276517888,0.02929116446573114,0.03228285927256683,0.035363040938585596,0.038525036351483424,0.04176251648740734,0.04506948578985771
0.4816269298589562,0.02623808361865998,0.029121751778738478,0.032101030900533685,0.0351689224995423,0.038318776875353136,0.041544284640200185,0.0448394665935946
0.48477481828940694,0.026080220431953856,0.02895129151397091,0.03191807122679324,0.03497358906025527,0.03811121891222499,0.04132467119490024,0.044607983207663744
0.4879227067198576,0.025921397061100224,0.028779787572025758,0.03173398416995568,0.0347770445321502,0.03790236634251017,0.041103679978440416,0.04437503938440633
0.4910705951503083,0.02576161749240972,0.028607243986733928,0.031548773784262005,0.0345792929641567,0.037692223185512415,0.040881314957587164,0.04414063901652447
0.49421848358075904,0.025600885845604094,0.02843366492836465,0.03136244426284233,0.034380338546011406,0.03748079360276709,0.04065758024230832,0.04390478614047121
0.4973663720112097,0.025439206377021475,0.028259054706895593,0.031174999941040647,0.034180185611627445,0.03726808190144778,0.04043248008920842,0.043667484939907776
0.5005142604416604,0.02527658348288746,0.028083417775349586,0.03098644529980658,0.03397883864253203,0.03705409253784064,0.04020601890503247,0.04342873974923006
0.5036621488721111,0.025113021702654025,0.027906758733200015,0.03079678496915653,0.033776302271373404,0.03683883012088859,0.039978201250239924,0.04318855505716462
0.5068100373025618,0.02494852572240695,0.027729082329845632,0.030606023731704714,0.03357258128549872,0.03662229941580685,0.0397490318426498,0.04294693551043687
0.5099579257330125,0.024783100378343356,0.027550393468156274,0.030414166526265864,0.03336768063060328,0.036404505347770816,0.039518515561158485,0.0427038859175117
0.5131058141634631,0.02461675066032148,0.027370697208091238,0.03022121845153122,0.03316160541445466,0.036185453005677826,0.039286657449532435,0.04245941125240905
0.5162537025939139,0.02444948171548316,0.027189998770391518,0.030027184769819103,0.03295436091069058,0.03596514764598468,0.03905346272027558,0.04221351665859477
0.5194015910243646,0.02428129885195133,0.02700830354034788,0.029832070910901624,0.032745952562694636,0.03574359469662201,0.03881893675857515,0.04196620745294971
0.5225494794548152,0.0241122075426035,0.02682561707164555,0.029635882475908915,0.03253638598754921,0.03552079976098705,0.038583085126325405,0.04171748912981717
0.525697367885266,0.023942213428923352,0.02664194509028787,0.029438625241313094,0.03232566698006915,0.035296768622017055,0.03834591356623249,0.04146736736513122
0.5288452563157167,0.02377132232493175,0.02645729349860017,0.02924030516299262,0.03211380151691574,0.035071507246344016,0.038107428006000664,0.04121584802062749
0.5319931447461673,0.02359954022119871,0.026271668379315452,0.029040928380379576,0.03190079576079483,0.03484502178853291,0.037867634562602816,0.04096293714813709
0.535141033176618,0.023426873288938246,0.026085075999743856,0.028840501220691147,0.031686656064739055,0.03461731859540539,0.03762653954663636,0.04070864099396698
0.5382889216070688,0.023253327884187904,0.02589752281602741,0.02863903020324699,0.03147138897647659,0.034388404210449905,0.03738414946676531,0.04045296600336698
0.5414368100375194,0.023078910552074363,0.025709015477481764,0.028436522043874403,0.03125500124288846,0.03415828537832065,0.03714047103425277,0.04019591882508613
0.5445846984679701,0.022903628031167217,0.02551956083102703,0.028232983659403136,0.031037499814555683,0.03392696904942704,0.036895511167582655,0.03993750631601978
0.5477325868984209,0.022727487257922625,0.025329165925709267,0.028028422172251346,0.030818891850398194,0.033694462384615174,0.03664927699717492,0.03967773554594929
0.5508804753288715,0.022550495371218893,0.025137838017314597,0.027822844915105165,0.030599184722407805,0.03346077275994351,0.03640177587019453,0.03941661380237654
0.5540283637593222,0.02237265971698557,0.024945584573077915,0.027616259435693236,0.030378386020476645,0.033225907771554805,0.03615301535545706,0.039154148595454664
0.5571762521897728,0.022193987852928455,0.024752413276487875,0.027408673501658376,0.030156503557323334,0.032989875240645686,0.03590300324843269,0.038890347663017036
0.5603241406202236,0.022014487553351978,0.024558332032190888,0.02720009510552855,0.029933545373518746,0.03275268321853669,0.035651747576350014,0.03862521897570742
0.5634720290506743,0.021834166814081558,0.024363348970994902,0.026990532469788876,0.029709519742613516,0.03251433999184383,0.035399256603402325,0.038358770742211355
0.566619917481125,0.02165303385748768,0.024167472454976704,0.02677999405205694,0.029484435176369207,0.03227485408775466,0.0351455388360586,0.0380910114145933
0.5697678059115757,0.021471097137613755,0.023970711082693077,0.02656848855036361,0.029258300430095488,0.032034234279410406,0.03489060302848039,0.03782194969373947
0.5729156943420264,0.021288365345410357,0.023773073694499835,0.026356024908541408,0.029031124508095342,0.031792489591396564,0.034634458188047994,0.03755159453491036
0.576063582772477,0.02110484741407754,0.023574569377978964,0.026142612321722544,0.02880291666922045,0.03154962930534432,0.03437711358099681,0.03727995515340316
0.5792114712029277,0.02092055252451795,0.02337520747347839,0.025928260241949292,0.028573686432539474,0.031305662965644646,0.034118578738167746,0.037007041030328806
0.5823593596333785,0.020735490110902727,0.023174997579764364,0.02571297838389848,0.028343443583120777,0.0310606003852775,0.03385886346087204,0.03673286191850333
0.5855072480638291,0.02054966986635281,0.0229739495597909,0.02549677673072302,0.028112198177932726,0.030814451651759153,0.03359797782687493,0.03645742784845833
0.5886551364942798,0.020363101748737917,0.022772073546587147,0.02527966554001235,0.027879960551863443,0.03056722713320897,0.03333593219649879,0.03618074913457097
0.5918030249247306,0.020175795986595663,0.02256937994926602,0.025061655349874732,0.027646741323862873,0.03031893748453889,0.033072737218849256,0.03590283638131705
0.5949509133551812,0.019987763085173676,0.02236587945915662,0.024842756985143835,0.027412551403209355,0.030069593653768,0.03280840383816668,0.03562370048964975
0.5980988017856319,0.019799013832596597,0.022161583056062216,0.024622981563711666,0.027177401995903558,0.02981920688846447,0.03254294330030519,0.035343352663505696
0.6012466902160826,0.01960955930616139,0.021956502014647643,0.024402340502991386,0.026941304611192103,0.029567788742317733,0.03227636715934213,0.035061804416442126
0.6043945786465333,0.019419410878763168,0.021750647910957682,0.024180845526511882,0.026704271068223845,0.029315351081843535,0.03200868728432084,0.03477906757840677
0.607542467076984,0.01922858022545457,0.021544032629069967,0.02395850867064733,0.026466313502841655,0.02906190609322483,0.03173991586612887,0.03449515430264421
0.6106903555074347,0.01903707933014107,0.021336668367884754,0.023735342291484395,0.026227444374511657,0.02880746628929069,0.03147006542451518,0.034210077072740264
0.6138382439378854,0.018844920492415745,0.02112856764805479,0.023511359071829933,0.02598767647339438,0.028552044516636843,0.031199148815248757,0.033923848709808774
0.6169861323683361,0.01865211633453582,0.02091974331905778,0.02328657202836207,0.025747022927558767,0.028295653962890032,0.03092717923742127,0.033636482379822266
0.6201340207987868,0.01845867980854446,0.02071020856641496,0.02306099451892789,0.02550549721034401,0.02803830816412013,0.030654170240897678,0.033347991601090365
0.6232819092292374,0.018264624203540674,0.020499976919058395,0.022834640249990535,0.025263113147870702,0.027780021012401873,0.03038013573391689,0.0330583902518888
0.6264297976596882,0.018069963153100273,0.020289062256850513,0.022607523284228923,0.02501988492670516,0.027520806763530425,0.030105089990845886,0.03276769257824171
0.6295776860901389,0.0178747106428517,0.020077478818258672,0.022379658048293328,0.024775827101680272,0.02726068004489314,0.029829047660090962,0.0324759132018614
0.6327255745205895,0.017678881018209264,0.01986524120818854,0.022151059340720116,0.02453095460387556,0.026999655863501323,0.02955202377216863,0.03218306712824738
0.6358734629510403,0.01748248899226758,0.019652364405979006,0.021921742340008737,0.024285282748760163,0.026737749614185104,0.02927403374793972,0.031889169754949334
0.639021351381491,0.017285549653860734,0.01943886377356266,0.021691722612864762,0.024038827244502087,0.026474977087954592,0.028995093407010616,0.03159423687999661
0.6421692398119416,0.017088078475789262,0.019224755063794948,0.02146101612261218,0.023791604200447212,0.026211354480531336,0.028715218976304118,0.03129828471049815
0.6453171282423923,0.016890091323218726,0.019010054428955554,0.021229639237778365,0.023543630135771362,0.025946898401053055,0.028434427098804223,0.03100132987141582
0.6484650166728431,0.01669160446225369,0.018794778429426017,0.020997608740855957,0.0232949219883095,0.025681625880955662,0.028152734842478308,0.030703389414515368
0.6516129051032937,0.01649263456869083,0.018578944042546792,0.020764941837244585,0.023045497123565493,0.025415554383036058,0.027870159709380057,0.030404480827498585
0.6547607935337444,0.01629319873695442,0.01836256867165816,0.020531656164377004,0.02279537334390612,0.02514870181069955,0.02758671964493749,0.03010462204331988
0.6579086819641952,0.01609331448921894,0.01814567015532807,0.020297769801032636,0.022544568897943346,0.02488108651739577,0.027302433047429155,0.029803831449691964
0.6610565703946458,0.015892999784722323,0.017928266776771895,0.020063301276843526,0.022293102490109063,0.024612727316247182,0.02701731877765344,0.02950212789878386
0.6642044588250965,0.01569227302927384,0.017710377273467404,0.019828269581995926,0.02204099329042588,0.024343643489873834,0.02673139616879415,0.029199530717115913
0.6673523472555472,0.015491153084961165,0.017492020846969127,0.019592694177132042,0.021788260944478256,0.024073854800418862,0.026444685036486868,0.028896059715655165
0.6705002356859979,0.015289659280060389,0.01727321717292707,0.0193565950034559,0.0215349255835885,0.023803381499778835,0.026157205689090256,0.02859173520011613
0.6736481241164486,0.015087811419154036,0.017053986411313216,0.01911999249304829,0.021281007835201454,0.02353224434004313,0.025868978938166906,0.028286577981470627
0.6767960125468993,0.014885629793460618,0.016834349216860795,0.018882907579394342,0.02102652883348266,0.02326046458414698,0.025580026109177145,0.0279806093866713
0.67994390097735,0.01468313519138114,0.016614326749720753,0.01864536170812867,0.02077151023013439,0.022988064016742343,0.025290369052391688,0.027673851269593385
0.6830917894078007,0.014480348909266694,0.01639394068634006,0.01840737684800327,0.020515974205434148,0.022715064955291756,0.025000030154026714,0.027366326022199284
0.6862396778382513,0.014277292762412006,0.016173213230566363,0.01816897550208158,0.020259943479500192,0.022441490261389096,0.02470903234760634,0.02705805658593047
0.689387566268702,0.01407398909627993,0.015952167124984266,0.017930180719164815,0.020003441323789284,0.022167363352312917,0.024417399125557317,0.026749066463331687
0.6925354546991528,0.01387046079796192,0.015730825662487877,0.017691016105454916,0.01974649157283126,0.02189270821281656,0.024125154551041174,0.026439379729912487
0.6956833431296034,0.013666731307878934,0.015509212698094703,0.01745150583645903,0.019489118636205494,0.021617549407160517,0.023832323270028103,0.026129021046250818
0.6988312315600541,0.013462824631729027,0.015287352661006011,0.017211674669141037,0.01923134751076466,0.02134191209139184,0.023538930523618263,0.025818015670343714
0.7019791199905049,0.013258765352685924,0.015065270566919454,0.016971547954325334,0.018973203793110432,0.02106582202587625,0.023245002160615827,0.02550638947021101
0.7051270084209555,0.013054578643854797,0.014842992030598544,0.016731151649357876,0.01871471369232755,0.020789305588087933,0.022950564650360786,0.02519416893675664
0.7082748968514062,0.01285029028099002,0.014620543278705074,0.0164905123310306,0.018455904042980486,0.020512389785662628,0.02265564509582395,0.024881381196893225
0.7114227852818569,0.012645926655481626,0.014397951162900253,0.01624965720877441,0.018196802318379387,0.020235102269719918,0.022360271246971278,0.024568054026935994
0.7145706737123076,0.012441514787615071,0.01417524317321965,0.016008614138126587,0.017937436644120414,0.019957471348459755,0.02206447151440253,0.02425421586627124
0.7177185621427583,0.01223708234011117,0.01395244745172864,0.015767411634478673,0.017677835811906687,0.019679526001040105,0.021768274983270924,0.02393989583130527
0.720866450573209,0.012032657631951939,0.013729592806463962,0.01552607888711059,0.017418029293655518,0.019401295891740417,0.021471711427489038,0.023625123729700076
0.7240143390036597,0.011828269652498355,0.013506708725667548,0.015284645773517522,0.01715804725589853,0.019122811384418476,0.021174811324227393,0.02330993007490169
0.7271622274341104,0.011623948075906896,0.013283825392319204,0.01504314287403533,0.016897920574480457,0.01884410355726566,0.020877605868712238,0.022994346100967334
0.7303101158645611,0.011419723275850733,0.013060973698974482,0.014801601486771503,0.0166376808495634,0.018565204217867937,0.020580126989328523,0.02267840377769827
0.7334580042950117,0.011215626340552877,0.012838185262914099,0.014560053642847915,0.016377360420942934,0.018286145918578404,0.020282407363034737,0.022362135826084036
0.7366058927254625,0.011011689088137322,0.01261549244161222,0.01431853212196198,0.016116992383682766,0.018006961972208826,0.019984480431096477,0.022045575734065914
0.7397537811559132,0.010807944082306068,0.012392928348529945,0.014077070468273712,0.015856610604075137,0.017727686468046244,0.019686380415145564,0.021728757772625496
0.7429016695863638,0.010604424648348047,0.012170526869241484,0.013835703006624803,0.015596249735933345,0.017448354288202562,0.01938814233357135,0.02141171701220576
0.7460495580168146,0.010401164889488211,0.011948322677899942,0.013594464859097847,0.01533594523722426,0.017169001124303175,0.019089802018251927,0.021094489339471844
0.7491974464472653,0.0101981997035836,0.011726351254050447,0.013353391961922494,0.015075733387047855,0.016889663494523376,0.018791396131632346,0.020777111474419078
0.7523453348777159,0.009995564800174103,0.011504648899797765,0.013112521082736153,0.014815651302971104,0.016610378760978373,0.018492962184157035,0.020459620987834944
0.7554932233081666,0.009793296717896062,0.011283252757336588,0.012871889838207348,0.014555736958724346,0.01633118514747634,0.018194538552064668,0.02014205631912382
0.7586411117386174,0.00959143284226598,0.011062200826852083,0.012631536712028896,0.014296029202267635,0.01605212175764095,0.01789616449555293,0.019824456794501278
0.761789000169068,0.009390011423843212,0.01084153198479882,0.012391501073289719,0.014036567774235387,0.015773228593412188,0.01759788017732138,0.019506862645566756
0.7649368885995187,0.009189071596779461,0.010621286002566793,0.012151823195233023,0.013777393326767215,0.015494546573933435,0.017299726681500458,0.01918931502826247
0.7680847770299695,0.008988653397763693,0.010401503565542168,0.011912544274409572,0.013518547442733689,0.015216117554833222,0.01700174603297517,0.018871856042226805
0.7712326654604201,0.008788797785371456,0.01018222629257225,0.011673706450234434,0.013260072655365593,0.014937984347910323,0.016703981217112248,0.01855452875055131
0.7743805538908708,0.008589546659827217,0.009963496755843314,0.011435352824956366,0.013002012468295222,0.014660190741230972,0.01640647619989915,0.01823737719994965
0.7775284423213215,0.008390942883188758,0.009745358501179694,0.011197527484048455,0.012744411376019123,0.014382781519647073,0.016109275948504146,0.017920446441347646
0.7806763307517722,0.008193030299963402,0.009527856068774728,0.010960275517029792,0.012487314884791132,0.014105802485744764,0.01581242645226677,0.017603782550903765
0.7838242191822229,0.007995853758165182,0.009311035014361719,0.010723643038727014,0.01223076953395544,0.013829300481232949,0.015515974744127954,0.017287432651469408
0.7869721076126736,0.0077994591308230025,0.009094941930835463,0.010487677210986002,0.011974822917729168,0.013553323408780864,0.015219968922509607,0.016971444934498536
0.7901199960431243,0.0076038933379495,0.008879624470333978,0.01025242626484311,0.011719523707444376,0.013277920254315154,0.01492445817365313,0.016655868682416728
0.793267884473575,0.0074092043689811685,0.008665131366790679,0.010017939523166465,0.011464921674259644,0.013003141109786223,0.01462949279442768,0.016340754291459585
0.7964157729040257,0.007215441305699975,0.008451512458967364,0.009784267423777481,0.011211067712351523,0.01272903719641427,0.01433512421561778,0.01602615329499113
0.7995636613344763,0.0070226543456471885,0.008238818713978711,0.009551461543063256,0.010958013862596603,0.012455660888425818,0.014041405025701385,0.01571211838731233
0.8027115497649271,0.006830894826040608,0.008027102251319052,0.00931957462009069,0.01070581333675459,0.012183065737290959,0.013748388995128905,0.01539870344797123
0.8058594381953778,0.006640215248206039,0.007816416367402846,0.009088660581233506,0.010454520542164216,0.011911306496473144,0.013456131101114625,0.015085963566585136
0.8090073266258284,0.006450669302534809,0.0076068155606299655,0.008858774565323527,0.010204191106962614,0.011640439146702394,0.013164687552951403,0.014773955068186694
0.8121552150562792,0.006262311893978887,0.007398355556987691,0.008629972949337645,0.009954881905840055,0.011370520921783657,0.012874115817860741,0.014462735539105386
0.8153031034867299,0.006075199168095797,0.007191093336201204,0.008402313374632805,0.009706651086342263,0.011101610334952147,0.012584474647389793,0.014152363853396258
0.8184509919171805,0.005889388537655374,0.006985087158444999,0.00817585477374082,0.00945955809573176,0.01083376720578807,0.012295824104367708,0.013842900199828074
0.8215988803476312,0.005704938709821141,0.006780396591627614,0.00795065739773565,0.009213663708421466,0.010567052687702734,0.012008225590433505,0.013534406109443713
0.824746768778082,0.005521909713919367,0.006577082539262472,0.007726782844185978,0.008969030053992749,0.010301529296009344,0.011721741874148752,0.013226944483705151
0.8278946572085326,0.005340362929808479,0.006375207268938081,0.0075042940857060645,0.008725720645811284,0.01003726093659122,0.011436437119707394,0.012920579623236478
0.8310425456389833,0.005160361116862835,0.006174834441400956,0.007283255499118292,0.008483800410253947,0.009774312935180603,0.011152376916256743,0.012615377257178026
0.834190434069434,0.004981968443584537,0.005976029140264902,0.007063732895241057,0.008243335716560465,0.009512752067262332,0.010869628307843096,0.012311404573165829
0.8373383224998847,0.004805250517857294,0.00577885790236111,0.006845793549316284,0.008004394407323926,0.009252646588615814,0.010588259823996044,0.0120087302479501
0.8404862109303354,0.004630274417856973,0.005583388748742943,0.006629506232090583,0.0077670458296344065,0.008994066266510108,0.010308341510965673,0.011707424478667162
0.843634099360786,0.004457108723633695,0.0053896912163606025,0.006414941241564973,0.00753136086689025,0.008737082411566325,0.010029944963627656,0.011407559014779835
0.8467819877912368,0.004285823549380519,0.005197836390420586,0.006202170435428145,0.007297411971292513,0.008481767910302867,0.00975314335807128,0.011109207190701121
0.8499298762216875,0.004116490576404445,0.005007896937445534,0.005991267264188912,0.007065273197037422,0.008228197258378754,0.009478011484885517,0.010812443959116999
0.8530777646521381,0.003949183086815493,0.004819947139050059,0.005782306805023159,0.0068350202342229785,0.00797644659455051,0.009204625783159405,0.010517345925023708
0.8562256530825889,0.0037839759979502578,0.004634062926449131,0.005575365796352028,0.006606730443485776,0.007726593735359398,0.008933064375212681,0.010223991380496428
0.8593735415130396,0.0036209458975466867,0.004450321915715286,0.005370522673167507,0.0063804828913845875,0.0074787182105650555,0.008663407102073322,0.009932460340205429
0.8625214299434902,0.0034601710796870115,0.004268803443801947,0.005167857603122549,0.006156358386547589,0.007232901299342567,0.00839573555971886,0.009642834577696931
0.8656693183739409,0.003301731581526434,0.004089588605350001,0.004967452523402977,0.005934439516600658,0.006989226067260637,0.008130133136099251,0.009355197662456433
0.8688172068043917,0.00314570922082559,0.003912760290295786,0.004769391178399199,0.005714810685894538,0.006747777404058303,0.007866685048958764,0.009069634997771981
0.8719650952348423,0.0029921876343050454,0.0037384032222985484,0.0045737591581957275,0.005497558154049144,0.006508642062238795,0.0076054783844754295,0.008786233859416202
0.875112983665293,0.002841252316840522,0.0035666039980060335,0.004380643937897174,0.0052827700753333515,0.006271908696498759,0.007346602136736434,0.00850508343516523
0.8782608720957438,0.0026929906615183858,0.0033974511271776023,0.004190134917810103,0.005070536538899829,0.0060376679040124006,0.007090147248069291,0.008226274865174705
0.8814087605261944,0.0025474920005709475,0.003231035073684362,0.004002323464499987,0.004860949609894304,0.005806012265590133,0.006836206650247786,0.00794990128323189
0.8845566489566451,0.0024048476472117576,0.0030674482974063586,0.0038173029527434695,0.004654103371459004,0.005577036387731342,0.006584875306593121,0.007676057858904277
0.8877045373870958,0.002265150938391721,0.0029067852970476376,0.003635168808396792,0.004450093967651582,0.005350836945592652,0.006336250254991223,0.00740484184060584
0.8908524258175465,0.002128497278497148,0.0027491426538901547,0.0034560185522007876,0.004249019647299717,0.005127512726892021,0.006090430651846776,0.007136352599601666
0.8940003142479972,0.0019949841840114996,0.002594619076508075,0.0032799518445447654,0.00405098080881383,0.004907164676770887,0.005847517816996266,0.006870691674973222
0.8971482026784479,0.0018647113291630306,0.0024433154464648015,0.0031070705312107676,0.003856080045979108,0.004689895943636136,0.005607615279601832,0.006607962819566111
0.9002960911088986,0.0017377805925812575,0.0022953348650153822,0.0029374786901213154,0.00366442219475053,0.004475811926004807,0.005370828825049103,0.006348272046943981
0.9034439795393493,0.0016142961049854332,0.0021507827008374536,0.0027712826791136953,0.0034761143810731906,0.004265020320374772,0.005137266542872136,0.006091727679371228
0.9065918679698,0.0014943642979290976,0.0020097666388145677,0.0026085911847643643,0.0032912660697523204,0.0040576311701452945,0.004907038875729465,0.00583844039684918
0.9097397564002506,0.001378093953625233,0.001872396729896623,0.0024495152722883873,0.003109989114397349,0.003853756915611828,0.004680258669455944,0.005588523287230348
0.9128876448307014,0.001265596255876984,0.0017387854420618672,0.0022941684365382744,0.002932397808464544,0.003653512445060238,0.004457041224215429,0.0053420918974357665
0.9160355332611521,0.0011569848421399916,0.0016090477124067197,0.002142666654128391,0.0027586089374246666,0.0034570151469862196,0.004237504346780318,0.0050992642858019915
0.9191834216916027,0.0010523758567423842,0.001483301000389248,0.001995128436710771,0.002588741832081102,0.0032643849634659944,0.004021768403964083,0.004860161075583627
0.9223313101220535,0.000951888005289789,0.0013616653422535165,0.0018516748854295688,0.002422918423066122,0.003075744444705677,0.0038099563772344834,0.004624905509639515
0.9254791985525042,0.0008556426102828579,0.001244263406662328,0.0017124297465815211,0.0022612632965423826,0.002891218804796838,0.003602193918534711,0.0043936235063299234
0.9286270869829548,0.0007637636679758046,0.001131220551566571,0.001577519468510782,0.0021039037511382456,0.0027109359787065904,0.0033986094073415163,0.0041664437166538705
0.9317749754134055,0.0006763779065051301,0.0010226648823404329,0.0014470732597672003,0.0019509698561459244,0.0025350266805316156,0.0031993340089893174,0.003943497582656002
0.9349228638438563,0.0005936148453182445,0.0009187273112119511,0.0013212231485575925,0.0018025945110121955,0.002363624463045735,0.0030045017342905226,0.0037249193971331364
0.9380707522743069,0.0005156068559327277,0.0008195416180196619,0.0012001040435207406,0.001658913506152279,0.0021968657785719253,0.0028142495004827204,0.0035108463646716893
0.9412186407047576,0.0004424892240574335,0.000725244512326308,0.0010838537958570455,0.001520065585118087,0.0020348900412099262,0.0026287171935344624,0.0033014186640475617
0.9443665291352084,0.00037440021310780174,0.0006359756969220221,0.0009726132628452667,0.0013861925081531132,0.0018778396904520925,0.0024480477318420454,0.0030967795120214986
0.947514417565659,0.00031148112914811723,0.0005518779327495237,0.000866526372778847,0.0012574391171667487,0.0017258602562201255,0.002272387131350581,0.0028970752285630928
0.9506623059961097,0.0002538763872946871,0.00047309710528527606,0.0007657401913558149,0.0011339534021619535,0.0015791004253570076,0.002101884572133424,0.002702455303538003
0.9538101944265603,0.0002017335796144707,0.0003997822924109686,0.000670404989556639,0.001015886569150798,0.0014377121096085963,0.0019366924664650576,0.0025130724648937132
0.9569580828570111,0.00015520354455480836,0.00033208583381095927,0.0005806743130455835,0.0009033931095935495,0.0013018505151309227,0.0017769665284233355,0.0023290827483798096
0.9601059712874618,0.00011444043794058674,0.0002701634019318785,0.0004967050531319345,0.0007966308713976997,0.0011716742135596528,0.0016228658450580427,0.0021506455688403373
0.9632538597179124,7.960180557624231e-05,0.00021417407454172563,0.0004186575193283083,0.0006957611315143223,0.0010473452146792454,0.0014745529491634315,0.0019779237931159743
0.9664017481483632,5.0848657490929246e-05,0.00016428040892669938,0.0003466955135444298,0.0006009486701702509,0.0009290290407306359,0.0013321938936938361,0.001811083814595454
0.9695496365788139,2.8345543866183392e-05,0.00012064851776499787,0.0002809864059555348,0.000512361846775332,0.0008168948023967674,0.0011959583278620392,0.0016502956294563833
0.9726975250092645,1.226063268627772e-05,8.344814671774606e-05,0.00022170121258569672,0.0004301726775452423,0.0007111152765067663,0.0010660195749613015,0.0014957329146366078
0.9758454134397152,2.765789152767349e-06,5.2852753778435714e-05,0.00016901467464744345,0.00035455691488133005,0.0006118669855004655,0.0009425547119532955,0.0013475731075787035
0.978993301870166,3.665690549409684e-08,2.9039590423090506e-05,0.00012310533967998052,0.00028569412855001316,0.0005193302786959214,0.0008257446508647604,0.0012059974877908716
0.9821411903006166,4.252741093635388e-06,1.2189784604705196e-05,8.415564452958148e-05,0.00022376778870542355,0.0004336894154040716,0.0007157742220373437,0.001071191260269093
0.9852890787310673,1.5597493341392454e-05,2.4884256364336453e-06,5.235200021674438e-05,0.000168965350800077,0.00035513264993544317,0.0006128322592759818,0.0009433436408262109
0.9884369671615181,3.425839865410639e-05,1.246510093307604e-07,2.788487873596825e-05,0.00012147834242966128,0.00028385231854533255,0.0005171116869425805,0.0008226479433753096
0.9915848555919687,6.0427064311773174e-05,5.29173519151745e-06,1.0948901835120361e-05,8.150245215908747e-05,0.00022004492836491643,0.0004288096090427886,0.0007093016692154672
0.9947327440224194,9.429931079816731e-05,1.8187180456952858e-05,1.7429318226832715e-06,4.923762037828882e-05,0.00016391124836712508,0.00034812740035516167,0.0006035065983697903
0.9978806324528701,0.00013607526481498978,3.9012809793216416e-05,4.701644523932757e-07,2.4888132237597706e-05,0.0001156564024173725,0.00027527079965323614,0.0005054688830266567
1.0010285208833207,0.00018595945443183607,6.797486193901982e-05,7.338223936112174e-06,8.662712713697834e-06,7.548996446057713e-05,0.00021045000507233518,0.00041539914313656727
1.0041764093137715,0.0002441609064240387,0.00010528408860351838,2.2559260137135745e-05,7.746238586859091e-07,4.362605589733831e-05,0.0001538797716745388,0.0003335125642185424
1.0073242977442223,0.0003108932458517743,0.00015115585392080745,4.63500479974958e-05,1.4417642860721695e-06,2.028344520351535e-05,0.00010577951126642063,0.0002600289974313125
1.0104721861746728,0.000386374797935414,0.00020581023619451724,7.893208925429546e-05,1.0886770949023414e-05,5.685649848903206e-06,6.63733945259076e-05,0.00019517306196613197
1.0136200746051236,0.0004708286922832882,0.0002694721319887667,0.00012053171650152202,2.9337123267668917e-05,6.104057229022309e-08,3.5890455495966984e-05,0.00013917424981967522
1.0167679630355744,0.0005644829695296976,0.00034237136262327,0.0001713801996553765,5.7025249663789476e-05,3.6429480716658813e-06,1.4564698504521176e-05,9.226703300695804e-05
1.019915851466025,0.0006675706904425156,0.0004247427831319526,0.00023171385488259653,9.418863656278182e-05,1.6669772169967038e-05,2.6352075715447017e-06,5.469097327601115e-05
1.0230637398964757,0.000780330047561296,0.0005168263937460816,0.0003017741560530653,0.00014106993992449516,3.9385093518427977e-05,3.4625836601687754e-07,2.6690834387604396e-05
1.0262116283269263,0.0009030044794282629,0.0006188674539643149,0.000381807848779311,0.00019791709936604817,7.203778790124646e-05,7.94743277713152e-06,8.516697025247412e-06
1.029359516757377,0.001035842787476601,0.00073111659927409,0.0004720670671076481,0.00026498345494168176,0.00011488214320711129,2.569373616591845e-05,4.2407640232618275e-07
1.0325074051878278,0.0011790992556417054,0.0008538299605902128,0.0005728094529269954,0.0003425278666462345,0.00016817797913481626,5.3845717365295466e-05,2.6740426352564688e-06
1.0356552936182783,0.001333033772763265,0.0009872692864784799,0.0006842982781635706,0.00043081483671086695,0.00023219076970219858,9.266959149843675e-05,1.5533343953367807e-05
1.0388031820487291,0.001497911957847614,0.0011317020682339448,0.0008068025698314219,0.0005301146347614377,0.00030719176862940975,0.0001424373656873427,3.9274532818259854e-05
1.04195107047918,0.0016740052882615634,0.0012874016678851845,0.0009405972380103851,0.0006407034259118318,0.0003934581376695713,0.00020342696772537836,7.417609502740012e-05
1.0450989589096304,0.0018615912309312922,0.00145464744919819,0.0010859632068255947,0.0007628634018666768,0.0004912730779619239,0.0002759223777898211,0.00012052258187886555
1.0482468473400812,0.002060953376621378,0.0016337249117552499,0.0012431875485041626,0.0008968829151098551,0.000600925964484625,0.0003602137632724001,0.0001786047454762893
1.051394735770532,0.0022723815773712883,0.001824925828186162,0.0014125636205870012,0.0010430566162572636,0.0007227124836864537,0.0004565976168080646,0.0002487196772552967
1.0545426242009825,0.0024961720871689197,0.002028548384631744,0.001594391206375849,0.0012016855946546873,0.0008569347743791213,0.0005653768975845974,0.00033117094981511083
1.0576905126314333,0.002732627705942651,0.002244897324521151,0.0017889766586979448,0.0013730775223036876,0.0010039015719738983,0.0006868611760178846,0.0004262687621412693
1.060838401061884,0.0029820579269557355,0.0024742840957472766,0.001996633047072586,0.0015575468012007736,0.0011639283561488318,0.0008213667818800488,0.0005343300883079684
1.0639862894923346,0.00324477908768923,0.002717027001326361,0.002217680308366912,0.0017554147141776247,0.0013373375020351574,0.0009692169559703424,0.0006556788297510473
1.0671341779227854,0.00352111452430211,0.002973451353631185,0.0024524454010300674,0.0019670095793326075,0.0015244584350142287,0.0011307420054210754,0.0007906459712052335
1.070282066353236,0.003811394729758985,0.0032438896322882827,0.002701262462997506,0.0021926669081459883,0.0017256277892184208,0.0013062794627334352,0.0009395697404018898
1.0734299547836867,0.004115957515719715,0.0035286816458337516,0.002964472973360173,0.0024327295673746293,0.0019411895698327683,0.0014961742486411316,0.0011027957716266377
1.0765778432141375,0.004435148178286072,0.003828174697223618,0.003242425917895476,0.0026875479448238066,0.0021714953192962915,0.0017007788389021077,0.0012806772732384885
1.079725731644588,0.00476931966770473,0.004142723753297922,0.003535477958559773,0.002957480119097128,0.002416904287505056,0.0019204534351219434,0.0014735751992557692
1.0828736200750388,0.005118832762128217,0.004472691618300934,0.0038439936070455423,0.003242892033428548,0.0026777836061222375,0.0021555661397153454,0.0016818584251167446
1.0860215085054896,0.005484056245537223,0.004818449111561296,0.00416834540250815,0.003544157673702361,0.002954508467102599,0.0024064931351150207,0.0019059039277260024
1.0891693969359402,0.005865367089932648,0.005180375249440909,0.004508914093571311,0.003861659250771975,0.003247462305543067,0.002673618867340899,0.0021460969699012744
1.092317285366391,0.006263150641906881,0.005558857431662752,0.0048660888247229585,0.004195787387189519,0.003557036986973506,0.002957336234045607,0.0024028312893384697
1.0954651737968417,0.006677800813707706,0.005954291632131483,0.0052402673272158315,0.004546941308462667,0.003883632999205181,0.0032580467771554317,0.002676509292216011
1.0986130622272923,0.007109720278911697,0.006367082594364413,0.0056318561145916836,0.004915529038958386,0.004227659648858283,0.0035761608802297794,0.0029675422515635683
1.101760950657743,0.0075593206728268745,0.006797644031653283,0.006041270682950528,0.0053019676025765575,0.00458953526269313,0.003912097970665905,0.003276350510523954
1.1049088390881938,0.00802702279774729,0.007246398832080333,0.006468935716089437,0.005706683228319466,0.004969687393872995,0.004266286726878516,0.0036033636906400144
1.1080567275186444,0.008513256833187311,0.007713779268516843,0.006915285295640497,0.006130111560888341,0.005368553033291006,0.0046391652905890795,0.003949020905303633
1.1112046159490951,0.009018462551225253,0.008200227213735374,0.00738076311633983,0.0065726978764403,0.0057865788260969804,0.005031181484362499,0.004313770978506849
1.1143525043795457,0.009543089537090337,0.008706194360769694,0.007865822706564047,0.0070348973036438575,0.006224221293563936,0.005442793034533447,0.004698072669039814
1.1175003928099965,0.01008759741513182,0.009232142448662798,0.008370927654274695,0.00751717505017526,0.006681947060438821,0.005874467799669178,0.005102394900285
1.1206482812404472,0.010652456080311026,0.009778543493744648,0.00889655183851478,0.00802000663480155,0.007160233087925362,0.006326684004718857,0.0055272169957606004
1.1237961696708978,0.011238145935363378,0.010345880026587602,0.009443179666606025,0.008543878125201288,0.007659566912452364,0.00679993048100583,0.0059730289205719616
1.1269440581013486,0.011845158133780065,0.010934645334790584,0.010011306317200545,0.009089286381677893,0.008180446890384746,0.007294706912222393,0.006440331528933757
1.1300919465317993,0.012473994828764096,0.011545343711747601,0.010601437989343222,0.009656739306924884,0.008723382448839176,0.007811524086591701,0.00692963681793083
1.13323983496225,0.01312516942831973,0.012178490711561407,0.011214092157708215,0.010246756102008007,0.009288894342771636,0.008350904155367475,0.007441468187690898
1.1363877233927007,0.013799206856639781,0.012834613410267643,0.01184979783417609,0.010859867528733646,0.00987751491850916,0.00891338089784621,0.007976360708147995
1.1395356118231514,0.014496643821957813,0.013514250673538411,0.012509095835923316,0.01149661617857687,0.010489788383902413,0.009499499993072142,0.008534861392579663
1.142683500253602,0.015218029091040614,0.01421795343104158,0.013192539060201708,0.01215755674835059,0.01112627108528225,0.010109819298421426,0.00911752947810836
1.1458313886840528,0.015963923770498142,0.014946284957635586,0.013900692765990439,0.01284325632279946,0.011787531791408776,0.010744909135257205,0.009724936713362364
1.1489792771145035,0.01673490159509535,0.015699821161584658,0.014634134862707591,0.013554294664309914,0.012474151984605929,0.011405352581852452,0.01035766765349725
1.152127165544954,0.017531549223255456,0.016479150879987067,0.015393456206176005,0.014291264509932925,0.013186726159282592,0.012091745773785427,0.011016319962786434
1.1552750539754049,0.018354466539949172,0.017284876181611935,0.016179260902042306,0.01505477187592189,0.013925862128045707,0.01280469821201691,0.011701504724994935
1.1584229424058554,0.01920426696717084,0.01811761267734808,0.016992166616854144,0.015845436369994054,0.014692181335617794,0.013544833078865825,0.012413846761756728
1.1615708308363062,0.020081577782208673,0.018977989838474055,0.017832804897008867,0.016663891511531775,0.015486319180778476,0.014312787562107729,0.013153984959185114
1.164718719266757,0.02098704044392116,0.01986665132296389,0.018701821495789948,0.01751078505994347,0.016308925346555005,0.015109213187424139,0.013922572602949579
1.1678666076972075,0.021921310927239868,0.020784255310050667,0.019599876708717465,0.01838677935141476,0.01716066413889527,0.015934776159442988,0.01472027772206313
1.1710144961276583,0.022885060066124594,0.021731474843277403,0.020527645717444247,0.019292551644284683,0.01804221483406335,0.016790157711613338,0.015547783441630034
1.174162384558109,0.023878973905202664,0.022708998182268653,0.02148581894243573,0.020228794473289322,0.01895427203500482,0.017676054465167353,0.01640578834481179
1.1773102729885596,0.024903754060333603,0.023717529163467463,0.022475102404680706,0.021196216012924766,0.019897546036937226,0.01859317879743111,0.017295006844278434
1.1804581614190104,0.025960118088346022,0.024757787570087487,0.02349621809668724,0.022195540450187106,0.02087276320243056,0.019542259219752722,0.018216169563420447
1.1836060498494612,0.027048799866200436,0.025830509511536794,0.024549904363023903,0.02322750836695542,0.02188066634624698,0.020524040765325092,0.01917002372760435
1.1867539382799117,0.028170549979841843,0.02693644781258104,0.025636916290678446,0.024292877132293857,0.022922015130222646,0.02153928538719048,0.0201573335657658
1.1899018267103625,0.02932613612301277,0.02807637241251945,0.026758026109511092,0.02539242130495588,0.023997586468480003,0.02258877236672247,0.021178880722643168
1.1930497151408133,0.03051634350630358,0.02925107077465493,0.027914023603089467,0.026526933046382182,0.025108174943268415,0.023673298732889866,0.02223546468196232
1.1961976035712638,0.031741975276730665,0.03046134830635203,0.029105716530202202,0.0276972225444959,0.026254593231742535,0.02479367969261836,0.023327903200897077
1.1993454920017146,0.03300385294813703,0.031708028789981905,0.03033393105735708,0.028904118448605947,0.027437672543996337,0.025950749072575496,0.024457032756137993
1.2024933804321651,0.03430281684272056,0.03299195482506338,0.03159951220257647,0.03014846831573792,0.028658263072679213,0.027145359772713144,0.025623709001911653
1.205641268862616,0.035639726544007655,0.03431398828192292,0.03290332429081939,0.03143113906872844,0.029917234454536385,0.02837838423191678,0.026828807240309543
1.2087891572930667,0.037015461361593956,0.03567501076719893,0.03424625142136179,0.032753017466420384,0.03121547624421986,0.02965071490611744,0.028073222904289243
1.2119370457235172,0.03843092080799031,0.037075924101535096,0.03562919794748413,0.034115010586316476,0.03255389840073435,0.030963264759237486,0.029357872053730655
1.215084934153968,0.03988702508791898,0.03851765080981139,0.03705308896882311,0.0355180463200542,0.033933431786889436,0.0323169677673527,0.030683691884937712
1.2182328225844188,0.04138471560041506,0.040001134624273973,0.038518870836754954,0.036963073882077875,0.03535502868214321,0.03371277943646345,0.032051641253989425
1.2213807110148693,0.04292495545410436,0.04152734100094159,0.04002751167319395,0.03845106433189934,0.03681966330923663,0.03515167733428519,0.03346270121436078
1.22452859944532,0.04450872999603514,0.043097257649670824,0.041580001903197265,0.039983011110347064,0.03832833237502899,0.036634661636478286,0.034917875569244666
1.2276764878757709,0.046137047354456256,0.04471189507827986,0.043177354801782336,0.04155993059021852,0.039882055625958215,0.03816275568775237,0.03641819143902161
1.2308243763062214,0.04781093899594632,0.04637228715114212,0.04482060705537727,0.043182862641765185,0.041481876418566724,0.039737006578296055,0.037964699844340026
1.2339722647366722,0.04953146029731166,0.048079491662674334,0.04651081933833624,0.04485287121345304,0.043128862305544836,0.04135848573599724,0.03955847630528527
1.237120153167123,0.05129969113268256,0.04983459092615636,0.04824907690496688,0.04657104492845397,0.044824105637760514,0.043028289534933505,0.04120062145712962
1.2402680415975735,0.05311673647625412,0.05163869237833621,0.05003649019753186,0.04833849769734255,0.04656872418275988,0.04474753992063101,0.042892261683175975
1.2434159300280243,0.05498372702113045,0.05349292920028817,0.051874195470703176,0.05015636934748659,0.04836386176023998,0.04651738505260612,0.044634549765223346
1.2465638184584749,0.056901819814745014,0.05539846095500457,0.05376335543295832,0.05202582626963312,0.050210688895008314,0.048338999964718694,0.04642866555219863
1.2497117068889256,0.05887219891134954,0.057356474242223524,0.05570515990543336,0.05394806208221573,0.05211040348796859,0.05021358724389092,0.04827581664752361
1.2528595953193764,0.06089607604207332,0.05936818337100311,0.057700826498752696,0.055924298313917924,0.05406423150568098,0.052142377727755033,0.050177239115798036
1.256007483749827,0.06297469130307902,0.06143483105057854,0.05975160130838552,0.05795578510505354,0.05607342768907311,0.0541266312218226,0.05213419820940743
1.2591553721802777,0.06510931386235233,0.06355768910005019,0.061858759629087885,0.06004380192833792,0.058139276281890945,0.05616763723678139,0.054147989115680216
1.2623032606107285,0.06730124268568148,0.06573805917747015,0.06402360668901105,0.06218965832964659,0.06026309177950138,0.05826671574654835,0.05621993772524203
1.265451149041179,0.0695518072824059,0.06797727352891597,0.06624747840407992,0.06439469468937728,0.06244621969868141,0.06042521796773243,0.05835140142223891
1.2685990374716298,0.07186236847152602,0.07027669575815895,0.06853174215326042,0.06666028300505371,0.06469003736904709,0.0626445271611801,0.06054376989712483
1.2717469259020806,0.0742343191687898,0.07263772161755216,0.07087779757535839,0.06898782769582774,0.0669959547468,0.06492605945629959,0.0627984659827295
1.2748948143325312,0.07666908519539184,0.07506177982078974,0.0732870773880155,0.07137876642956441,0.06936541525149327,0.06727126469888921,0.06511694651435491
1.278042702762982,0.07916812610894197,0.07755033287820765,0.0757610482295893,0.07383457097321501,0.07179989662654285,0.06968162732321509,0.0675007032146693
1.2811905911934327,0.08173293605738056,0.08010487795531686,0.07830121152462588,0.07635674806720497,0.0743009118242332,0.07215866724911192,0.06995126360419712
1.2843384796238833,0.08436504465654464,0.08272694775529095,0.08090910437366355,0.07894684032459721,0.07687000991599807,0.07470394080491054,0.07247019193823302
1.287486368054334,0.08706601789211013,0.0854181114261467,0.08358630046812734,0.08160642715580935,0.07950877702877913,0.07731904167702118,0.07505909017103815
1.2906342564847846,0.08983745904665859,0.08817997549338573,0.08633441103109958,0.08433712571969346,0.08221883730829631,0.0800056018870303,0.0777195989482024
1.2937821449152354,0.0926810096526484,0.09101418481889362,0.08915508578478501,0.08714059190182034,0.08500185391009482,0.08276529279720678,0.08045339862809858
1.2969300333456861,0.0955983504720884,0.09392242358691363,0.09205001394550957,0.09001852132083024,0.08785953001925935,0.08559982614533326,0.0832622103333762
1.3000779217761367,0.09859120250374971,0.09690641631795092,0.0950209252471296,0.09297265036375368,0.09079360989972556,0.08851095510982568,0.08614779703348797
1.3032258102065875,0.10166132801877124,0.09996792891148223,0.09806959099375279,0.09600475725122827,0.09380587997414597,0.09150047540612713,0.0891119646592714
1.3063736986370382,0.10481053162554864,0.10310876971838434,0.10119782514270646,0.09911666313357807,0.09689816993530354,0.09457022641540452,0.09215656325064724
1.3095215870674888,0.1080406613648269,0.10633079064402311,0.10440748541872331,0.10231023321875087,0.10007235389010466,0.09772209234661307,0.09528348813853715
1.3126694754979396,0.11135360983595068,0.10963588828298138,0.10770047446034868,0.10558737793315102,0.10333035153721924,0.10095800343303193,0.09849468116214452
1.3158173639283903,0.11475131535525224,0.11302600508643082,0.11107874099960469,0.10895005411643417,0.10667412937947042,0.1042799371644134,0.10179213192277825
1.3189652523588409,0.11823576314760458,0.11650313056320175,0.11454428107599363,0.11240026625137893,0.11010570197212662,0.10768991955593538,0.10517787907545452
1.3221131407892917,0.12180898657219007,0.12006930251562886,0.11809913928595171,0.11594006772998393,0.11362713320828076,0.11119002645518594,0.10865401165954802
1.3252610292197424,0.12547306838357966,0.1237266083112976,0.12174541006891036,0.11957156215698078,0.11724053764254957,0.11478238488845424,0.11222267046981489
1.328408917650193,0.12923014202925723,0.1274771861918552,0.12548523903116326,0.123296904692004,0.12094808185437417,0.11846917444765662,0.11588604946916291
1.3315568060806438,0.1330823929847604,0.13132322662009052,0.12932082430878122,0.12711830343169678,0.12475198585224677,0.1222526287192691,0.11964639724459421
1.3347046945110943,0.13703206012765046,0.13526697366652904,0.13325441797085788,0.13103802083308003,0.12865452452023643,0.126135036756689,0.12350601850779436
1.337852582941545,0.1410814371515761,0.13931072643684297,0.137288327464427,0.13505837517956942,0.13265802910824667,0.13011874459751258,0.12746727564191215
1.3410004713719959,0.14523287402172688,0.1434568405414094,0.14142491710242644,0.1391817420910616,0.13676488876747842,0.13420615682725553,0.13153259029611541
1.3441483598024464,0.1494887784730357,0.14770772960841375,0.14566660959615033,0.14341055607958114,0.140977552132642,0.13839973819111837,0.13570444502958665
1.3472962482328972,0.1538516175525255,0.15206586684193796,0.15001588763367388,0.14774731215202294,0.1452985289525089,0.14270201525544787,0.13998538500667443
1.350444136663348,0.15832391920725183,0.15653378662652348,0.15447529550579162,0.15219456746158488,0.14973039177045755,0.14711557812061188,0.1443780197449861
1.3535920250937985,0.1629082739193489,0.16111408617976558,0.1590474407810749,0.1567549430095526,0.15427577765673647,0.15164308218707734,0.1488850249182815
1.3567399135242493,0.16760733638973851,0.16580942725454317,0.16373499603170646,0.1614311253991552,0.15893738999422638,0.156287249976544,0.153509144216097
1.3598878019547,0.17242382727211383,0.1706225378925484,0.16854070061181325,0.16622586864327252,0.16371800031955255,0.1610508730100551,0.15825319126209714
1.3630356903851506,0.17736053495888382,0.17555621423085147,0.17346736249009187,0.17114199602785457,0.16862045022147665,0.16593681374509492,0.16312005159324766
1.3661835788156014,0.18242031742081405,0.1806133223632937,0.17851786013858004,0.17618240203297617,0.17364765329856596,0.17094800757374864,0.1681126847019707
1.3693314672460521,0.18760610410216494,0.18579680025856554,0.1836951444794979,0.18135005431352,0.17880259717821342,0.17608746488408278,0.17323412614353095
1.3724793556765027,0.1929208978732068,0.1911096597369114,0.18900224089216724,0.18664799574157406,0.184088345599173,0.18135827318700187,0.17848748971100334
1.3756272441069535,0.19836777704205097,0.19655498850746347,0.19444225128208437,0.1920793465126949,0.18950804055985143,0.1867635993109103,0.18387596968025308
1.378775132537404,0.20394989742780956,0.2021359522682827,0.20001835621429842,0.19764730631827496,0.1950649045346828,0.1923066916666099,0.18940284312745764
1.3819230209678548,0.20967049449718453,0.2078557968712818,0.20573381711334854,0.20335515658635278,0.20076224276102086,0.19799088258496453,0.19507147232181873
1.3850709093983056,0.21553288556664887,0.21371785055426135,0.21159197853207717,0.20920626279327467,0.2066034455990561,0.2038195907299506,0.2008853071961946
1.3882187978287561,0.22154047207248181,0.21972552624240443,0.21759627049174785,0.2152040768487326,0.21259199096738893,0.20979632358983638,0.20684788789851635
1.391366686259207,0.22769674191099742,0.22588232392164734,0.22375021089597935,0.2213521395567917,0.21873144685698065,0.21592468004932963,0.2129628474269578
1.3945145746896577,0.2340052718513936,0.23219183308644048,0.23005740802110536,0.22765408315562172,0.22502547392631253,0.22220835304565073,0.219233914351948
1.3976624631201082,0.24046973002375552,0.2386577352645216,0.23652156308568456,0.23411363393876963,0.2314778281807122,0.2286511323116195,0.22566491562825566
1.400810351550559,0.24709387848483036,0.24528380662141866,0.24314647290198182,0.24073461496090995,0.2380923637389101,0.23525690720895776,0.23225977950049562
1.4039582399810098,0.25388157586429866,0.2520739206475007,0.24993603261235312,0.24752094883112954,0.2448730356900192,0.24202966965514452,0.23902253850554914
1.4071061284114603,0.26083678009437905,0.25903205093052356,0.2568942385135971,0.25447666059693946,0.25182390304426794,0.24897351714730698,0.24595733257554528
1.410254016841911,0.26796355122570814,0.2661622740167193,0.26402519097244825,0.2616058807223217,0.25894913178094575,0.2560926558867655,0.2530684122451926
1.4134019052723619,0.2752660543325488,0.27346877236360256,0.27133309743550826,0.268912848163257,0.26625299799716035,0.26339140400800054,0.26036014196741086
1.4165497937028124,0.2827485625105155,0.2809558373878011,0.2788222755370685,0.2764019135443276,0.27373989116116654,0.27087419491598,0.267837003541389
1.4196976821332632,0.29041545997012325,0.2886278726113462,0.2864971563083945,0.28407754244013267,0.28141431747417606,0.2785455807359382,0.2755035996573644
1.4228455705637137,0.2982712452295857,0.29648939690998727,0.29436228749219445,0.29194431876540033,0.28928090334471057,0.2864102358798696,0.28336465756259327
1.4259934589941645,0.30632053441046037,0.304545047867266,0.3024223369661603,0.3000069482778601,0.29734439897975734,0.2944729607341988,0.29142503285319654
1.4291413474246153,0.31456806463983805,0.3127995852382025,0.3106820962796066,0.3082702621980844,0.30560968209713296,0.30273868547325256,0.2996897133967413
1.4322892358550658,0.32301869756296575,0.3212578945266346,0.31914648430742004,0.3167392209507094,0.3140817617636771,0.3112124740033799,0.3081638233906475
1.4354371242855166,0.3316774229703211,0.3299249906804002,0.3278205510256969,0.3254189180316117,0.32276578236407605,0.319899528042765,0.3168526275617237
1.4385850127159674,0.3405493625433261,0.3388060219087219,0.3367094814136237,0.33431458400581243,0.33166702770532225,0.3288051913421866,0.3257615355123591
1.441732901146418,0.34963977372307403,0.34790627362635274,0.3458185994863613,0.3434315906410982,0.3407909252620401,0.3379349540522282,0.3348961062191594
1.4448807895768687,0.3589540537066032,0.35723117252921366,0.35515337246388395,0.35277545518254155,0.3501430505681283,0.347294457242662,0.34426205269005783
1.4480286780073195,0.36849774357544546,0.3667862908064483,0.3647194150809254,0.36235184477332977,0.3597291317603954,0.3568894975799845,0.35386524678618925
1.45117656643777,0.3782765325613809,0.37657735049404994,0.3745224940434244,0.37216658102755706,0.3695550542801295,0.3667260321693532,0.3637117242151214
1.4543244548682208,0.38829626245452603,0.386610227975411,0.38456853263707463,0.38222564476086,0.3796268657387936,0.37681018356744694,0.37380768970231143
1.4574723432986716,0.39856293215909244,0.39689095863436985,0.3948636154938226,0.3925351808850346,0.3899507809542951,0.3871482449730424,0.3841595223479601
1.4606202317291221,0.40908270240239514,0.40742574166658946,0.405413993522423,0.40310150347305906,0.40053318716459374,0.39774668560243853,0.3947737811767838
1.463768120159573,0.41986190060290873,0.4182209450553305,0.41622608900941555,0.41393110100119956,0.4113806494256868,0.4086121562571468,0.40565721088854134
1.4669160085900235,0.43090702590341035,0.4292831107179375,0.4273065008971515,0.4250306417751833,0.42249991620131705,0.41975149509160786,0.41681674781751143
1.4700638970204742,0.44222475437553543,0.44061895982966065,0.4386620102458207,0.4364069795477413,0.4338979251521151,0.43117173358906796,0.428259526109516
1.473211785450925,0.4538219444022934,0.45223539833167253,0.45029958588668656,0.44806715933511965,0.4455818091321801,0.4428801027540712,0.439992884125437
1.4763596738813756,0.46570564224542343,0.4641395226304864,0.46222639027410195,0.46001842344052435,0.4575589024015125,0.4548840395304614,0.45202437108063054
1.4795075623118263,0.4778830878047308,0.47633862549626593,0.474449785544179,0.472268217692808,0.469836747063064,0.46719119345416027,0.4643617539300516
1.4826554507422771,0.490361720576855,0.4888402021678432,0.4869773397883414,0.4848241979090679,0.48242309973356573,0.47980943355041544,0.4770130245093599
1.4858033391727277,0.503149185821273,0.5016519566726343,0.49981683355037443,0.49769423659024464,0.49532593845774764,0.4927468554856919,0.48998640694277806
1.4889512276031784,0.5162533409416509,0.5147818083699707,0.5129762665559467,0.5108864298592024,0.5085534698759622,0.5060117889848108,0.5032903653289631
1.4920991160336292,0.5296822620910148,0.5282378987267573,0.5264638646839914,0.524409104651194,0.522114136655708,0.5196128055244646,0.516933611716676
1.4952470044640798,0.5434442510096161,0.5420285983347713,0.5402880871897723,0.5382708261671032,0.5360166251980394,0.5335587263147492,0.53092511438263
1.4983948928945305,0.5575478421047196,0.5561625141793276,0.5544576341898851,0.5524804056002993,0.5502698736303543,0.5478586305809077,0.5452741064244543
1.5015427813249813,0.5720018097819667,0.5706484971694579,0.5689814544199173,0.5670469081484464,0.564883080097574,0.5625218641580411,0.5599900946823296
1.5046906697554319,0.586815176038417,0.5854956499402475,0.5838687532759952,0.5819796613221611,0.5798657113643273,0.5775580484121771,0.5750828690035484
1.5078385581858826,0.6019972183277952,0.6007133349384245,0.5991290011519514,0.5972882635629332,0.5952275117413227,0.5929770895017145,0.5905625118648918
1.5109864466163332,0.6175574777089502,0.6163111828028002,0.6147719420843739,0.6129825931833218,0.6109785123497121,0.6087891879939095,0.6064394083684659
1.514134335046784,0.63350576728906,0.6322991010517359,0.6308076027184162,0.6290728176430659,0.627129040737946,0.6250048488518457,0.6227242566274143
1.5172822234772347,0.6498521809735882,0.6486872830903068,0.6472463016077825,0.6455694031753544,0.6436897308662572,0.6416348918079955,0.6394280785587052
1.5204301119076853,0.6666071025356033,0.6654862175504741,0.6640986588629931,0.6624831247782299,0.6606715334747049,0.6586904621413402,0.6565622311010723
1.523578000338136,0.6837812150176118,0.6827066979781822,0.6813756061626682,0.679825076586775,0.6780857268514323,0.6761830418758114,0.6741384178770676
1.5267258887685868,0.7013855104796652,0.7003598328819155,0.6990883971432542,0.6976066826424903,0.695943928018613,0.6941244614186853,0.6921687013191243
1.5298737771990374,0.7194313001081664,0.7184570561579836,0.7172486181834016,0.7158397080770897,0.714258104354444,0.7125269116585196,0.71066551528057
1.5330216656294882,0.7379302247004471,0.7370101379085024,0.7358681995999212,0.7345362707287449,0.7330405856704152,0.7314029565431758,0.7296416781535333
1.536169554059939,0.756894265540887,0.7560311956687623,0.7549594272730965,0.7537088532096916,0.7523040767640287,0.7507655461594865,0.7491104065168355
1.5393174424903895,0.7763357556851176,0.7755327060615382,0.7745349547199752,0.7733703154450734,0.7720616704681963,0.7706280303372507,0.7690853293381326
1.5424653309208403,0.7962673916696175,0.7955275168966893,0.7946078156351842,0.79353390770383,0.7923268612195424,0.7910041728013647,0.7895805027558207
1.545613219351291,0.8167022456648007,0.8160288597352717,0.8151914369197294,0.8142132841434919,0.8131135591689803,0.8119081658970906,0.810610425467508
1.5487611077817416,0.8376537780906275,0.8370503629383662,0.8362996522192913,0.8354225168918373,0.8344361048591301,0.8333546459147909,0.8321900547532899
1.5519089962121924,0.8591358507146191,0.8586060652217671,0.85794671599457,0.8571761106895108,0.8563092844943658,0.85535870904178,0.8543348231635193
1.555056884642643,0.88116274025313,0.8807104297387025,0.8801473181473211,0.8794890181188826,0.8787483458305854,0.8779359279703576,0.8770606559022808
1.5582047730730937,0.9037491524977885,0.9033783587139047,0.9029165992269764,0.9023766554457869,0.9017690147132389,0.9011023691926645,0.9003839889395147
1.5613526615035445,0.9269102369899868,0.9266252086534165,0.9262701662438948,0.9258549191020221,0.9253875122935524,0.92487461101452,0.9243217878863806
1.564500549933995,0.950661602267531,0.9504668061558094,0.9502241091166963,0.949940202838024,0.9496205729545003,0.9492697623221633,0.9488915676703757
1.5676484383644458,0.9750193317086732,0.9749194643517266,0.9747950177824538,0.9746494155765745,0.974485462979681,0.9743054821375844,0.9741114130486496
1.5707963267948966,0.9999999999999991,0.9999999999999991,0.9999999999999993,0.9999999999999993,0.9999999999999993,0.9999999999999993,0.9999999999999993
